{"cameraMode":{"drawMode":0,"name":"Shaded","section":"Shading Mode"},"sceneLighting":false,"audioPlay":false,"sceneViewState":{"showFog":true,"showMaterialUpdate":false,"showSkybox":false,"showFlares":true,"showImageEffects":true,"showParticleSystems":true},"in2DMode":false,"pivot":{"x":0.0000152587890625,"y":52.485862731933597,"z":2.9640731811523439},"rotation":{"x":0.0240377988666296,"y":0.5978075861930847,"z":0.01794149912893772,"w":-0.8010878562927246},"size":90.74564361572266,"orthographic":false}